Customer ID,Customer Name
DP-13000,Darren Powers
PO-19195,Phillina Ober
MB-18085,Mick Brown
ME-17320,Maria Etezadi
JO-15145,Jack O'Briant
LS-17230,Lycoris Saunders
VS-21820,Vivek Sundaresam
MS-17830,Melanie Seite
AJ-10780,Anthony Jacobs
SV-20365,Seth Vernon
BD-11605,Brian Dahlen
ND-18370,Natalie DeCherney
MM-17920,Michael Moore
CS-12250,Chris Selesnick
BS-11590,Brendan Sweed
EH-13990,Erica Hackney
DL-13315,Delfina Latchford
DW-13195,David Wiener
TS-21340,Toby Swindell
HL-15040,Hunter Lopez
XP-21865,Xylona Preis
MV-17485,Mark Van Huff
MM-18280,Muhammed MacIntyre
TB-21400,Tom Boeckenhauer
JW-15220,Jane Waco
SG-20605,Speros Goranitis
IM-15055,Ionia McGrath
CA-11965,Carol Adams
SD-20485,Shirley Daniels
EJ-13720,Ed Jacobs
JC-15340,Jasper Cacioppo
MV-18190,Mike Vittorini
LC-17050,Liz Carlisle
BD-11500,Bradley Drucker
EB-13930,Eric Barreto
CD-12790,Cynthia Delaney
MH-17440,Mark Haberlin
DB-13270,Deborah Brumfield
ND-18460,Neil Ducich
CK-12760,Cyma Kinney
NM-18445,Nathan Mautz
GA-14725,Guy Armstrong
NF-18385,Natalie Fritzler
SC-20095,Sanjit Chand
ML-17395,Marina Lichtenstein
ST-20530,Shui Tom
BF-11020,Barry Französisch
MN-17935,Michael Nguyen
TB-21595,Troy Blackwell
AB-10015,Aaron Bergman
LC-16930,Linda Cazamias
SR-20740,Steven Roelle
TM-21010,Tamara Manning
SA-20830,Sue Ann Reed
MG-17875,Michael Grace
JH-15430,Jennifer Halladay
JS-16030,Joy Smith
VF-21715,Vicky Freymann
SC-20380,Shahid Collister
DB-13060,Dave Brooks
GW-14605,Giulietta Weimer
HR-14770,Hallie Redmond
KN-16705,Kristina Nunn
NH-18610,Nicole Hansen
JS-15595,Jill Stevenson
EJ-14155,Eva Jacobs
SC-20020,Sam Craven
AJ-10945,Ashley Jarboe
AP-10720,Anne Pryor
CL-12565,Clay Ludtke
AB-10150,Aimee Bixby
CM-12715,Craig Molinari
NP-18685,Nora Pelletier
KT-16480,Kean Thornton
SW-20275,Scott Williamson
CK-12205,Chloris Kastensmidt
FM-14215,Filia McAdams
RB-19435,Richard Bierner
KA-16525,Kelly Andreada
NF-18595,Nicole Fjeld
CK-12325,Christine Kargatis
DK-13225,Dean Katz
JF-15295,Jason Fortune-
NF-18475,Neil Französisch
RB-19465,Rick Bensley
AS-10240,Alan Shonely
CP-12340,Christine Phan
BN-11515,Bradley Nguyen
AZ-10750,Annie Zypern
QJ-19255,Quincy Jones
EK-13795,Eileen Kiefer
SM-20320,Sean Miller
SC-20050,Sample Company A
MC-17605,Matt Connell
GM-14440,Gary McGarr
KH-16690,Kristen Hastings
CB-12025,Cassandra Brandow
TS-21205,Thomas Seio
BF-11275,Beth Fritzler
VM-21835,Vivian Mathis
CC-12685,Craig Carroll
BG-11740,Bruce Geld
PO-18865,Patrick O'Donnell
MS-17710,Maurice Satty
CD-11920,Carlos Daly
CA-12265,Christina Anderson
DK-12835,Damala Kotsonis
CS-12505,Cindy Stewart
JD-15895,Jonathan Doherty
MP-18175,Mike Pelletier
CV-12295,Christina VanderZanden
DR-12940,Daniel Raglin
MG-18145,Mike Gockenbach
MP-17470,Mark Packer
SG-20890,Susan Gilcrest
KM-16720,Kunst Miller
Dl-13600,Dorris liebe
NC-18340,Nat Carroll
TG-21640,Trudy Glocke
AA-10315,Alex Avila
KB-16240,Karen Bern
DD-13570,Dorothy Dickinson
JO-15280,Jas O'Carroll
KH-16330,Katharine Harms
AH-10690,Anna Häberlin
RD-19585,Rob Dowd
KE-16420,Katrina Edelman
MZ-17515,Mary Zewe
PK-18910,Paul Knutson
KB-16585,Ken Black
GM-14695,Greg Maxwell
RD-19900,Ruben Dartt
RP-19855,Roy Phan
TH-21550,Tracy Hopkins
JG-15805,John Grady
AY-10555,Andy Yotov
SC-20260,Scott Cohen
FH-14275,Frank Hawley
GP-14740,Guy Phonely
PJ-19015,Pauline Johnson
RS-19765,Roland Schwarz
VM-21685,Valerie Mitchum
RA-19885,Ruben Ausman
JS-15880,John Stevenson
JM-15655,Jim Mitchum
PC-19000,Pauline Chand
SE-20110,Sanjit Engle
JK-15370,Jay Kimmel
MM-18055,Michelle Moray
GM-14455,Gary Mitchum
KN-16450,Kean Nguyen
EH-13765,Edward Hooks
SV-20785,Stewart Visinsky
BF-11170,Ben Ferrer
PS-18970,Paul Stevenson
SP-20650,Stephanie Phelps
JL-15835,John Lee
AG-10390,Allen Goldenen
BP-11230,Benjamin Patterson
AA-10375,Allen Armold
DB-13555,Dorothy Badders
AH-10030,Aaron Hawkins
LB-16795,Laurel Beltran
TS-21160,Theresa Swint
BT-11305,Beth Thompson
DA-13450,Dianna Arnett
LC-16885,Lena Creighton
AG-10300,Aleksandra Gannaway
MH-17290,Marc Harrigan
MY-18295,Muhammed Yedwab
GB-14530,George Bell
DS-13180,David Smith
AI-10855,Arianne Irving
LA-16780,Laura Armstrong
HG-14845,Harry Greene
LL-16840,Lauren Leatherbury
KH-16360,Katherine Hughes
JM-16195,Justin MacKendrick
AR-10510,Andrew Roberts
CS-11860,Cari Schnelling
NC-18415,Nathan Cano
JS-15940,Joni Sundaresam
AA-10480,Andrew Allen
BS-11365,Bill Shonely
PM-18940,Paul MacIntyre
EB-13870,Emily Burns
PF-19120,Peter Fuller
GD-14590,Giulietta Dortch
SN-20710,Steve Nguyen
HP-14815,Harold Pawlan
CT-11995,Carol Triggs
SB-20290,Sean Braxton
PG-18820,Patrick Gardner
AF-10885,Art Foster
GM-14680,Greg Matthias
VW-21775,Victoria Wilson
PG-18895,Paul Gonzalez
BG-11695,Brooke Gillingham
HD-14785,Harold Dahlen
RM-19375,Raymond Messe
EH-14005,Erica Hernandez
AG-10270,Alejandro Grove
NP-18325,Naresj Patel
AJ-10795,Anthony Johnson
PW-19030,Pauline Webber
CC-12475,Cindy Chapman
PA-19060,Pete Armstrong
TT-21070,Ted Trevino
GA-14515,George Ashbrook
BS-11755,Bruce Stewart
JH-15820,John Huston
TD-20995,Tamara Dahlen
RF-19345,Randy Ferguson
MC-17590,Matt Collister
CC-12430,Chuck Clark
FG-14260,Frank Gastineau
BT-11530,Bradley Talbott
MW-18235,Mitch Willingham
EH-14185,Evan Henry
GT-14710,Greg Tran
RP-19390,Resi Pölking
JL-15235,Janet Lee
BW-11065,Barry Weirich
HF-14995,Herbert Flentye
Dp-13240,Dean percer
MH-17785,Maya Herman
LE-16810,Laurel Elliston
MM-17260,Magdelene Morse
PJ-18835,Patrick Jones
SS-20410,Shahid Shariari
LW-16825,Laurel Workman
JG-15160,James Galang
EB-13840,Ellis Ballard
MC-17425,Mark Cousins
JK-15625,Jim Karlsson
DW-13480,Dianna Wilson
LT-17110,Liz Thompson
CR-12625,Corey Roper
RE-19450,Richard Eichhorn
SC-20725,Steven Cartwright
RB-19795,Ross Baird
BT-11440,Bobby Trafton
GT-14635,Grant Thornton
BM-11785,Bryan Mills
SB-20170,Sarah Bern
VT-21700,Valerie Takahito
NR-18550,Nick Radford
BP-11095,Bart Pistole
CS-11950,Carlos Soltero
RD-19480,Rick Duston
BH-11710,Brosina Hoffman
FO-14305,Frank Olsen
CW-11905,Carl Weiss
CM-12445,Chuck Magee
HK-14890,Heather Kirkland
SR-20425,Sharelle Roach
KL-16555,Kelly Lampkin
PS-18760,Pamela Stobb
SC-20575,Sonia Cooley
GH-14425,Gary Hwang
JF-15415,Jennifer Ferguson
DB-13660,Duane Benoit
MC-18100,Mick Crebagga
NC-19470,Neil Cohen
Co-12640,Corey-Lock
NW-18400,Natalie Webber
TB-21280,Toby Braunhardt
AA-10645,Anna Andreadi
DV-13465,Dianna Vittorini
JE-15745,Joel Eaton
DL-13330,Denise Leinenbach
BS-11665,Brian Stugart
LP-17080,Liz Pelletier
NS-18640,Noel Staavos
GK-14620,Grace Kelly
LM-17065,Liz MacKendrick
CA-12775,Cynthia Arntzen
RW-19630,Rob Williams
DL-12865,Dan Lawera
AR-10825,Anthony Rawles
RA-19915,Russell Applegate
HA-14905,Helen Abelman
MS-17980,Michael Stewart
BD-11620,Brian DeCherney
EH-13945,Eric Hoffmann
MS-17770,Maxwell Schwartz
DM-13525,Don Miller
DP-13390,Dennis Pardue
MC-17845,Michael Chen
DC-12850,Dan Campbell
BC-11125,Becky Castell
EP-13915,Emily Phan
MH-18025,Michelle Huthwaite
EB-13705,Ed Braxton
DS-13030,Darrin Sayre
GH-14410,Gary Hansen
BM-11650,Brian Moss
MH-17455,Mark Hamilton
JK-15205,Jamie Kunitz
PV-18985,Paul Van Hugh
AC-10420,Alyssa Crouse
ME-17725,Max Engle
SS-20515,Shirley Schmidt
BF-10975,Barbara Fisher
AW-10930,Arthur Wiediger
PB-19150,Philip Brown
AH-10120,Adrian Hane
JL-15130,Jack Lebron
CA-12310,Christine Abelman
EM-14140,Eugene Moren
KM-16375,Katherine Murray
CC-12145,Charles Crestani
SW-20245,Scot Wooten
RD-19720,Roger Demir
ME-18010,Michelle Ellison
HM-14860,Harry Marie
EM-14065,Erin Mull
AB-10255,Alejandro Ballentine
JL-15850,John Lucas
AG-10900,Arthur Gainer
NC-18535,Nick Crebassa
KL-16645,Ken Lonsdale
SG-20470,Sheri Gordon
LF-17185,Luke Foster
CL-11890,Carl Ludwig
AS-10045,Aaron Smayling
BB-10990,Barry Blumstein
TS-21430,Tom Stivers
IL-15100,Ivan Liston
AS-10630,Ann Steele
NZ-18565,Nick Zandusky
BK-11260,Berenike Kampe
VD-21670,Valerie Dominguez
RS-19420,Ricardo Sperren
CS-12130,Chad Sievert
GZ-14470,Gary Zandusky
SS-20590,Sonia Sunley
RF-19735,Roland Fjeld
TB-21625,Trudy Brown
VG-21790,Vivek Gonzalez
MB-17305,Maria Bertelson
LR-16915,Lena Radford
MA-17560,Matt Abelman
DB-13405,Denny Blanton
JH-15985,Joseph Holt
ED-13885,Emily Ducich
GM-14500,Gene McClure
AG-10525,Andy Gerbode
MG-17650,Matthew Grinstein
BW-11200,Ben Wallace
DH-13675,Duane Huffman
CS-12175,Charles Sheldon
CS-12355,Christine Sundaresam
KH-16510,Keith Herrera
TS-21610,Troy Staebel
DJ-13510,Don Jones
LH-16900,Lena Hernandez
JB-15400,Jennifer Braxton
DO-13645,Doug O'Connell
CR-12730,Craig Reiter
DE-13255,Deanra Eno
JP-15520,Jeremy Pistek
AP-10915,Arthur Prichep
RB-19645,Robert Barroso
RH-19495,Rick Hansen
JP-15460,Jennifer Patt
DW-13585,Dorothy Wardle
JM-15265,Janet Molinari
JE-15715,Joe Elijah
RC-19960,Ryan Crowe
MW-18220,Mitch Webber
KB-16315,Karl Braun
PP-18955,Paul Prost
FM-14290,Frank Merwin
CC-12610,Corey Catlett
ZD-21925,Zuschuss Donatelli
RA-19945,Ryan Akin
HH-15010,Hilary Holden
AT-10735,Annie Thurman
SJ-20500,Shirley Jackson
LT-16765,Larry Tron
KD-16345,Katherine Ducich
MR-17545,Mathew Reese
PR-18880,Patrick Ryan
NP-18700,Nora Preis
VP-21760,Victoria Pisteka
SZ-20035,Sam Zeldin
LR-17035,Lisa Ryan
DK-13375,Dennis Kane
MC-17275,Marc Crier
BM-11140,Becky Martin
KT-16465,Kean Takahito
SP-20620,Stefania Perrino
LH-17020,Lisa Hazard
KC-16255,Karen Carlisle
RR-19525,Rick Reed
LC-17140,Logan Currie
MS-17365,Maribeth Schnelling
CC-12220,Chris Cortes
DL-12925,Daniel Lacy
SF-20065,Sandra Flanagan
AR-10345,Alex Russell
LW-17125,Liz Willingham
LW-17215,Luke Weiss
TA-21385,Tom Ashbrook
BN-11470,Brad Norvell
PT-19090,Pete Takahito
EA-14035,Erin Ashbrook
JM-15535,Jessica Myrick
ON-18715,Odella Nelson
JC-15775,John Castell
DM-13015,Darrin Martin
AJ-10960,Astrea Jones
MF-18250,Monica Federle
JA-15970,Joseph Airdo
AG-10765,Anthony Garverick
JK-15640,Jim Kriz
FA-14230,Frank Atkinson
MC-18130,Mike Caudle
DN-13690,Duane Noonan
SB-20185,Sarah Brown
PF-19165,Philip Fox
MA-17995,Michelle Arnett
ES-14020,Erica Smith
HG-14965,Henry Goldwyn
SL-20155,Sara Luxemburg
LH-16750,Larry Hughes
JG-15115,Jack Garza
AS-10090,Adam Shillingsburg
VG-21805,Vivek Grady
TT-21220,Thomas Thornton
JP-16135,Julie Prescott
TH-21115,Thea Hudgings
JD-16060,Julia Dunbar
MT-18070,Michelle Tran
BF-11005,Barry Franz
KF-16285,Karen Ferguson
NB-18580,Nicole Brennan
CS-12400,Christopher Schild
TH-21100,Thea Hendricks
KD-16495,Keith Dawkins
GZ-14545,George Zrebassa
LD-17005,Lisa DeCherney
SM-20950,Suzanne McNair
EB-14170,Evan Bailliet
KW-16570,Kelly Williams
DM-12955,Dario Medina
DB-13615,Doug Bickford
ES-14080,Erin Smith
AR-10405,Allen Rosenblatt
BP-11290,Beth Paige
RD-19930,Russell D'Ascenzo
DO-13435,Denny Ordway
DF-13135,David Flashing
JD-16015,Joy Daniels
BD-11635,Brian Derr
GG-14650,Greg Guthrie
AM-10360,Alice McCarthy
TN-21040,Tanja Norvell
FC-14335,Fred Chung
HA-14920,Helen Andreada
JF-15565,Jill Fjeld
BP-11050,Barry Pond
ZC-21910,Zuschuss Carroll
SP-20545,Sibella Parks
TC-21295,Toby Carlisle
HG-15025,Hunter Glantz
JE-15610,Jim Epp
AC-10660,Anna Chung
LS-17245,Lynn Smith
TB-21520,Tracy Blumstein
AS-10225,Alan Schoenberger
LS-17200,Luke Schmidt
IG-15085,Ivan Gibson
RP-19270,Rachel Payne
JF-15490,Jeremy Farry
EH-14125,Eugene Hildebrand
MP-17965,Michael Paige
FH-14365,Fred Hopkins
LS-16975,Lindsay Shagiari
SF-20965,Sylvia Foulston
MG-17680,Maureen Gastineau
DB-12910,Daniel Byrd
AH-10585,Angele Hood
RD-19810,Ross DeVincentis
TS-21370,Todd Sumrall
BT-11395,Bill Tyler
NC-18625,Noah Childs
AM-10705,Anne McFarland
AC-10450,Amy Cox
NL-18310,Nancy Lomonaco
DG-13300,Deirdre Greer
KH-16630,Ken Heidel
PL-18925,Paul Lucas
SH-20395,Shahid Hopkins
SW-20755,Steven Ward
JK-16120,Julie Kriz
PO-18850,Patrick O'Brill
TC-21535,Tracy Collins
DM-13345,Denise Monton
MS-17530,MaryBeth Skach
WB-21850,William Brown
TH-21235,Tiffany House
BG-11035,Barry Gonzalez
MD-17350,Maribeth Dona
TC-20980,Tamara Chand
BF-11215,Benjamin Farhat
TZ-21580,Tracy Zic
KD-16270,Karen Daniels
PK-19075,Pete Kriz
DB-12970,Darren Budd
RF-19840,Roy Französisch
RM-19675,Robert Marley
JL-15505,Jeremy Lonsdale
ML-17410,Maris LaWare
CM-11815,Candace McMahon
JF-15190,Jamie Frazer
PB-19105,Peter Bühler
JD-16150,Justin Deggeller
AB-10165,Alan Barnes
AH-10075,Adam Hart
RH-19510,Rick Huthwaite
RB-19330,Randy Bradley
YC-21895,Yoseph Carroll
JK-15730,Joe Kamberova
MK-17905,Michael Kennedy
PW-19240,Pierre Wener
AB-10600,Ann Blume
JC-16105,Julie Creighton
GR-14560,Georgia Rosenberg
DB-13360,Dennis Bolton
AD-10180,Alan Dominguez
JM-15865,John Murray
DH-13075,Dave Hallsten
JK-15325,Jason Klamczynski
SC-20680,Steve Carroll
TC-21475,Tony Chapman
SP-20920,Susan Pistek
SS-20140,Saphhira Shifley
SM-20005,Sally Matthias
PB-19210,Phillip Breyer
NG-18355,Nat Gilpin
NG-18430,Nathan Gelder
AT-10435,Alyssa Tate
HR-14830,Harold Ryan
DK-12985,Darren Koutras
JP-11135,James Peterman
AR-10540,Andy Reiter
BF-11080,Bart Folk
MO-17500,Mary O'Rourke
MC-17635,Matthew Clasen
BT-11680,Brian Thompson
BS-11380,Bill Stewart
AH-10210,Alan Hwang
TR-21325,Toby Ritter
DP-13165,David Philippe
MD-17860,Michael Dominguez
MC-17575,Matt Collins
EM-13825,Elizabeth Moffitt
KN-16390,Katherine Nockton
MK-19560,Michael Knudson
CP-12085,Cathy Prescott
JB-15925,Joni Blumstein
RL-19615,Rob Lucas
NB-18655,Nona Balk
RC-19825,Roy Collins
DK-13150,David Kendrick
FP-14320,Frank Preis
DJ-13420,Denny Joy
TB-21250,Tim Brockman
TB-21175,Thomas Boland
SH-19975,Sally Hughsby
LH-17155,Logan Haushalter
CY-12745,Craig Yedwab
KC-16675,Kimberly Carter
RA-19285,Ralph Arnett
SS-20875,Sung Shariari
CS-11845,Cari Sayre
SP-20860,Sung Pak
SH-20635,Stefanie Holloman
CC-12100,Chad Cunningham
SC-20305,Sean Christensen
SC-20695,Steve Chapman
EC-14050,Erin Creighton
IM-15070,Irene Maddox
MK-18160,Mike Kennedy
TS-21505,Tony Sayre
PS-19045,Penelope Sewall
AB-10105,Adrian Barton
KM-16660,Khloe Miller
TW-21025,Tamara Willingham
CC-12670,Craig Carreira
SF-20200,Sarah Foster
CK-12595,Clytie Kelty
MG-17695,Maureen Gnade
TB-21190,Thomas Brumley
MG-17890,Michael Granlund
RE-19405,Ricardo Emerson
DC-13285,Debra Catini
BG-18435,Bruce Galang
KB-16600,Ken Brennan
MF-17665,Maureen Fritzler
HO-15230,Harry Olson
PC-18745,Pamela Coakley
JL-15175,James Lanier
CB-12535,Claudia Bergmann
AH-10465,Amy Hunt
AG-10495,Andrew Gjertsen
CS-12490,Cindy Schnelling
YS-21880,Yana Sorensen
KS-16300,Karen Seio
CR-12820,Cyra Reiten
RW-19540,Rick Wilson
TS-21655,Trudy Schmidt
LO-17170,Lori Olson
SJ-20215,Sarah Jordon
GT-14755,Guy Thornton
LC-16960,Lindsay Castell
NP-18670,Nora Paige
TP-21565,Tracy Poddar
DK-13090,Dave Kipp
AH-10195,Alan Haines
JJ-15445,Jennifer Jackson
DK-12895,Dana Kaydos
TG-21310,Toby Gnade
EB-13750,Edward Becker
JE-15475,Jeremy Ellison
CM-12385,Christopher Martinez
CM-12655,Corinna Mitchell
JO-15550,Jesus Ocampo
BW-11110,Bart Watters
JW-16075,Julia West
FW-14395,Fred Wasserman
DB-13210,Dean Braden
BP-11185,Ben Peterman
BV-11245,Benjamin Venier
CM-12115,Chad McGuire
MO-17950,Michael Oakman
JD-15790,John Dryer
RD-19660,Robert Dilbeck
EB-14110,Eugene Barchas
HJ-14875,Heather Jas
AW-10840,Anthony Witt
TP-21130,Theone Pippenger
OT-18730,Olvera Toch
JK-16090,Juliana Krohn
LS-16945,Linda Southworth
DB-13120,David Bremer
JB-16045,Julia Barnett
LC-16870,Lena Cacioppo
SV-20815,Stuart Van
AG-10675,Anna Gayman
RO-19780,Rose O'Brian
JH-16180,Justin Hirsh
NK-18490,Neil Knudson
EN-13780,Edward Nazzal
BD-11560,Brendan Dodson
BD-11320,Bill Donatelli
ML-18265,Muhammed Lee
CG-12040,Catherine Glotzbach
BP-11155,Becky Pak
BB-11545,Brenda Bowman
EM-13810,Eleni McCrary
MJ-17740,Max Jones
GB-14575,Giulietta Baptist
JH-15910,Jonathan Howell
FC-14245,Frank Carlisle
SN-20560,Skye Norling
SC-20770,Stewart Carmichael
SW-20455,Shaun Weien
CH-12070,Cathy Hwang
RH-19600,Rob Haberlin
BD-11725,Bruce Degenhardt
VP-21730,Victor Preis
KM-16225,Kalyca Meade
FM-14380,Fred McMath
VB-21745,Victoria Brennan
TS-21085,Thais Sissman
RK-19300,Ralph Kennedy
BE-11455,Brad Eason
PN-18775,Parhena Norris
EM-14095,Eudokia Martin
PO-19180,Philisse Overcash
TT-21265,Tim Taslimi
JW-15955,Joni Wasserman
SC-20440,Shaun Chance
RB-19705,Roger Barcio
DP-13105,Dave Poirier
FH-14350,Fred Harton
KW-16435,Katrina Willman
CA-12055,Cathy Armstrong
NM-18520,Neoma Murray
BO-11425,Bobby Odegard
KD-16615,Ken Dana
BM-11575,Brendan Murry
AC-10615,Ann Chong
MO-17800,Meg O'Connel
AB-10060,Adam Bellavance
CM-12190,Charlotte Melton
JR-16210,Justin Ritter
SJ-20125,Sanjit Jacobs
CM-11935,Carlos Meador
DR-12880,Dan Reichenbach
BS-11800,Bryan Spruell
HW-14935,Helen Wasserman
EM-13960,Eric Murdock
HM-14980,Henry MacAllister
JJ-15760,Joel Jenkins
GH-14485,Gene Hale
SO-20335,Sean O'Donnell
CG-12520,Claire Gute
JF-15355,Jay Fein
MY-17380,Maribeth Yedwab
SG-20080,Sandra Glassco
EG-13900,Emily Grady
KC-16540,Kelly Collister
CB-12415,Christy Brittain
MT-17815,Meg Tillman
MZ-17335,Maria Zettner
GH-14665,Greg Hansen
KB-16405,Katrina Bavinger
PB-18805,Patrick Bzostek
TP-21415,Tom Prescott
RH-19555,Ritsa Hightower
MH-17620,Matt Hagelstein
SU-20665,Stephanie Ulpright
AF-10870,Art Ferguson
TT-21460,Tonja Turnell
SC-20800,Stuart Calhoun
DJ-13630,Doug Jacobs
PM-19135,Peter McVee
EM-14200,Evan Minnotte
ER-13855,Elpida Rittenbach
JR-15670,Jim Radford
DL-13495,Dionis Lloyd
BT-11485,Brad Thomas
BO-11350,Bill Overfelt
EB-13975,Erica Bern
JB-16000,Joy Bell-
BE-11335,Bill Eplett
TB-21355,Todd Boyes
HE-14800,Harold Engle
BE-11410,Bobby Elias
DW-13540,Don Weiss
JG-15310,Jason Gross
CJ-12010,Caroline Jumper
BD-11770,Bryan Davis
HZ-14950,Henia Zydlo
SV-20935,Susan Vittorini
JT-12540,Jill Trafton
JM-15250,Janet Martin
RB-19360,Raymond Buch
SW-20350,Sean Wendt
JM-15580,Jill Matthias
CR-12580,Clay Rozendal
EL-13735,Ed Ludwig
CL-12700,Craig Leslie
RB-19570,Rob Beeghly
CM-12235,Chris McAfee
SM-20905,Susan MacKendrick
LW-16990,Lindsay Williams
CV-12805,Cynthia Voltz
AS-10285,Alejandro Savely
CC-12370,Christopher Conant
RW-19690,Robert Waldorf
LP-17095,Liz Preis
SC-20230,Scot Coram
RS-19870,Roy Skaria
DV-13045,Darrin Van Huff
HO-15234,Harry Olson
HO-15233,Harry Olson
HO-15232,Harry Olson
HO-15231,Harry Olson
JS-15685,Jim Sink
TB-21055,Ted Butterfield
LD-16855,Lela Donovan
PF-19225,Phillip Flathmann
AR-10570,Anemone Ratner
LB-16735,Larry Blacks
AG-10330,Alex Grayson
ML-17755,Max Ludwig
AO-10810,Anthony O'Donnell
MH-18115,Mick Hernandez
JS-13215,Jennifer Sheldon
CM-12160,Charles McCrossin
SC-20845,Sung Chung
AS-10135,Adrian Shami
RR-19315,Ralph Ritter
NS-18505,Neola Schneider
CD-11980,Carol Darley
SK-19990,Sally Knutson
JE-16165,Justin Ellison
CJ-11875,Carl Jackson
RM-19750,Roland Murray
ML-18040,Michelle Lonsdale
TM-21490,Tony Molinari
MG-18205,Mitch Gastineau
CC-12550,Clay Cheatham
CS-12460,Chuck Sachs
JC-15385,Jenna Caffey
TC-21145,Theresa Coyne
PH-18790,Patricia Hirasaki
JR-15700,Jocasta Rupert
CD-12280,Christina DeMoss
